scheduler,benchmark,trial,bogo_ops,real_time,usr_time,sys_time,bogo_ops_per_sec_real,bogo_ops_per_sec_cpu,task_clock,context_switches,cpu_migrations,page_faults,cycles,instructions,branches,branch_misses,seconds_user,seconds_sys
EEVDF,cpu,1,85778,120.04,469.25,0.68,714.58,182.53,470004.23,55649,118,2574,1126468103056,2337995611173,400834082253,4855823640,469.265165,0.691115
EEVDF,cpu,2,85798,120.01,469.27,0.74,714.9,182.55,470074.76,52998,114,2571,1126662100253,2338900633670,401074741667,4822897300,469.283962,0.749202
EEVDF,cpu,3,85843,120.05,469.52,0.67,715.05,182.57,470257.39,52065,111,2570,1127097845078,2340420290016,401262575422,4829137386,469.534102,0.679016
